Index;Tid;I1;U1;U2;HMI_trig;IO_trig;I_95_start;I_105_start;I_95_trip;I_105_trip;Bryterfeilvern
1;0;-163;204;200;0;0;0;0;0;0;0
2;2813;-263;202;200;0;0;0;0;0;0;0
3;5626;-341;202;200;0;0;0;0;0;0;0
4;8439;-382;202;200;0;0;0;0;0;0;0
5;11252;-371;199;200;0;0;0;0;0;0;0
6;14065;-288;194;194;0;0;0;0;0;0;0
7;16878;-180;202;197;0;0;0;0;0;0;0
8;19691;-53;204;200;0;0;0;0;0;0;0
9;22504;3;199;200;0;0;0;0;0;0;0
10;25317;83;202;202;0;0;0;0;0;0;0
11;28130;130;202;197;0;0;0;0;0;0;0
12;30943;180;202;197;0;0;0;0;0;0;0
13;33756;282;202;197;0;0;0;0;0;0;0
14;36569;360;196;197;0;0;0;0;0;0;0
15;39382;390;199;197;0;0;0;0;0;0;0
16;42195;357;199;197;0;0;0;0;0;0;0
17;45008;246;202;202;0;0;0;0;0;0;0
18;47821;141;202;200;0;0;0;0;0;0;0
19;50634;27;199;197;0;0;0;0;0;0;0
20;53447;-20;199;197;0;0;0;0;0;0;0
21;56260;-94;199;197;0;0;0;0;0;0;0
22;59073;-147;202;197;0;0;0;0;0;0;0
23;61886;-222;202;197;0;0;0;0;0;0;0
24;64699;-321;202;202;0;0;0;0;0;0;0
25;67512;-360;204;202;0;0;0;0;0;0;0
26;70325;-388;202;200;0;0;0;0;0;0;0
27;73138;-318;196;197;0;0;0;0;0;0;0
28;75951;-213;196;192;0;0;0;0;0;0;0
29;78764;-97;202;197;0;0;0;0;0;0;0
30;81577;-3;196;197;0;0;0;0;0;0;0
31;84390;55;202;197;0;0;0;0;0;0;0
32;87203;122;202;197;0;0;0;0;0;0;0
33;90016;160;199;200;0;0;0;0;0;0;0
34;92829;266;202;194;0;0;0;0;0;0;0
35;95642;340;196;194;0;0;0;0;0;0;0
36;98455;385;196;194;0;0;0;0;0;0;0
37;101268;379;202;200;0;0;0;0;0;0;0
38;104081;288;199;202;0;0;0;0;0;0;0
39;106894;180;199;197;0;0;0;0;0;0;0
40;109707;63;199;197;0;0;0;0;0;0;0
41;112520;-8;196;192;0;0;0;0;0;0;0
42;115333;-78;196;194;0;0;0;0;0;0;0
43;118146;-136;202;200;0;0;0;0;0;0;0
44;120959;-186;199;197;0;0;0;0;0;0;0
45;123772;-285;199;202;0;0;0;0;0;0;0
46;126585;-357;202;202;0;0;0;0;0;0;0
47;129398;-382;202;194;0;0;0;0;0;0;0
48;132211;-349;202;197;0;0;0;0;0;0;0
49;135024;-244;199;194;0;0;0;0;0;0;0
50;137837;-133;202;197;0;0;0;0;0;0;0
51;140650;-31;199;202;0;0;0;0;0;0;0
52;143463;22;199;200;0;0;0;0;0;0;0
53;146276;102;204;202;0;0;0;0;0;0;0
54;149089;141;199;197;0;0;0;0;0;0;0
55;151902;216;196;200;0;0;0;0;0;0;0
56;154715;315;202;200;0;0;0;0;0;0;0
57;157528;368;199;194;0;0;0;0;0;0;0
58;160341;385;199;197;0;0;0;0;0;0;0
59;163154;321;202;200;0;0;0;0;0;0;0
60;165967;213;202;202;0;0;0;0;0;0;0
61;168780;99;202;200;0;0;0;0;0;0;0
62;171593;14;199;197;0;0;0;0;0;0;0
63;174406;-50;199;197;0;0;0;0;0;0;0
64;177219;-116;196;194;0;0;0;0;0;0;0
65;180032;-158;202;192;0;0;0;0;0;0;0
66;182845;-258;199;197;0;0;0;0;0;0;0
67;185658;-341;202;202;0;0;0;0;0;0;0
68;188471;-374;199;197;0;0;0;0;0;0;0
69;191284;-368;204;200;0;0;0;0;0;0;0
70;194097;-280;199;194;0;0;0;0;0;0;0
71;196910;-175;199;194;0;0;0;0;0;0;0
72;199723;-50;199;200;0;0;0;0;0;0;0
73;202536;5;202;197;0;0;0;0;0;0;0
74;205349;77;202;200;0;0;0;0;0;0;0
75;208162;130;199;200;0;0;0;0;0;0;0
76;210975;180;199;197;0;0;0;0;0;0;0
77;213788;282;199;194;0;0;0;0;0;0;0
78;216601;349;196;192;0;0;0;0;0;0;0
79;219414;385;199;197;0;0;0;0;0;0;0
80;222227;346;204;197;0;0;0;0;0;0;0
81;225040;246;202;202;0;0;0;0;0;0;0
82;227853;138;204;197;0;0;0;0;0;0;0
83;230666;33;202;197;0;0;0;0;0;0;0
84;233479;-22;202;197;0;0;0;0;0;0;0
85;236292;-97;199;194;0;0;0;0;0;0;0
86;239105;-136;199;197;0;0;0;0;0;0;0
87;241918;-213;202;197;0;0;0;0;0;0;0
88;244731;-310;202;200;0;0;0;0;0;0;0
89;247544;-363;202;197;0;0;0;0;0;0;0
90;250357;-382;199;197;0;0;0;0;0;0;0
91;253170;-321;199;200;0;0;0;0;0;0;0
92;255983;-208;196;197;0;0;0;0;0;0;0
93;258796;-94;199;197;0;0;0;0;0;0;0
94;261609;-3;199;200;0;0;0;0;0;0;0
95;264422;52;204;205;0;0;0;0;0;0;0
96;267235;111;202;202;0;0;0;0;0;0;0
97;270048;166;199;197;0;0;0;0;0;0;0
98;272861;260;196;194;0;0;0;0;0;0;0
99;275674;340;196;194;0;0;0;0;0;0;0
100;278487;379;196;197;0;0;0;0;0;0;0
101;281300;371;202;202;0;0;0;0;0;0;0
102;284113;277;204;200;0;0;0;0;0;0;0
103;286926;174;202;200;0;0;0;0;0;0;0
104;289739;52;199;197;0;0;0;0;0;0;0
105;292552;-11;196;200;0;0;0;0;0;0;0
106;295365;-83;196;197;0;0;0;0;0;0;0
107;298178;-127;202;200;0;0;0;0;0;0;0
108;300991;-186;204;197;0;0;0;0;0;0;0
109;303804;-282;202;197;0;0;0;0;0;0;0
110;306617;-349;202;202;0;0;0;0;0;0;0
111;309430;-385;202;200;0;0;0;0;0;0;0
112;312243;-343;199;194;0;0;0;0;0;0;0
113;315056;-241;199;194;0;0;0;0;0;0;0
114;317869;-130;199;194;0;0;0;0;0;0;0
115;320682;-20;199;202;0;0;0;0;0;0;0
116;323495;27;204;200;0;0;0;0;0;0;0
117;326308;97;202;200;0;0;0;0;0;0;0
118;329121;144;202;200;0;0;0;0;0;0;0
119;331934;216;202;197;0;0;0;0;0;0;0
120;334747;318;196;194;0;0;0;0;0;0;0
121;337560;365;199;194;0;0;0;0;0;0;0
122;340373;382;202;200;0;0;0;0;0;0;0
123;343186;318;199;200;0;0;0;0;0;0;0
124;345999;213;199;200;0;0;0;0;0;0;0
125;348812;91;202;200;0;0;0;0;0;0;0
126;351625;11;199;200;0;0;0;0;0;0;0
127;354438;-53;196;197;0;0;0;0;0;0;0
128;357251;-116;199;192;0;0;0;0;0;0;0
129;360064;-158;196;200;0;0;0;0;0;0;0
130;362877;-260;199;200;0;0;0;0;0;0;0
131;365690;-341;204;200;0;0;0;0;0;0;0
132;368503;-382;202;200;0;0;0;0;0;0;0
133;371316;-368;199;200;0;0;0;0;0;0;0
134;374129;-280;199;197;0;0;0;0;0;0;0
135;376942;-175;199;197;0;0;0;0;0;0;0
136;379755;-53;202;197;0;0;0;0;0;0;0
137;382568;8;202;200;0;0;0;0;0;0;0
138;385381;83;202;200;0;0;0;0;0;0;0
139;388194;130;204;200;0;0;0;0;0;0;0
140;391007;185;199;194;0;0;0;0;0;0;0
141;393820;288;202;194;0;0;0;0;0;0;0
142;396633;357;196;194;0;0;0;0;0;0;0
143;399446;387;199;200;0;0;0;0;0;0;0
144;402259;351;202;197;0;0;0;0;0;0;0
145;405072;249;202;197;0;0;0;0;0;0;0
146;407885;135;202;197;0;0;0;0;0;0;0
147;410698;27;199;194;0;0;0;0;0;0;0
148;413511;-22;196;197;0;0;0;0;0;0;0
149;416324;-105;199;192;0;0;0;0;0;0;0
150;419137;-147;202;194;0;0;0;0;0;0;0
151;421950;-219;199;197;0;0;0;0;0;0;0
152;424763;-327;199;200;0;0;0;0;0;0;0
153;427576;-371;202;202;0;0;0;0;0;0;0
154;430389;-388;199;194;0;0;0;0;0;0;0
155;433202;-327;199;194;0;0;0;0;0;0;0
156;436015;-216;199;194;0;0;0;0;0;0;0
157;438828;-97;199;200;0;0;0;0;0;0;0
158;441641;-6;199;200;0;0;0;0;0;0;0
159;444454;50;202;202;0;0;0;0;0;0;0
160;447267;119;202;200;0;0;0;0;0;0;0
161;450080;163;202;200;0;0;0;0;0;0;0
162;452893;263;196;194;0;0;0;0;0;0;0
163;455706;337;199;197;0;0;0;0;0;0;0
164;458519;382;202;200;0;0;0;0;0;0;0
165;461332;371;202;200;0;0;0;0;0;0;0
166;464145;285;202;197;0;0;0;0;0;0;0
167;466958;171;199;205;0;0;0;0;0;0;0
168;469771;52;202;194;0;0;0;0;0;0;0
169;472584;-3;199;194;0;0;0;0;0;0;0
170;475397;-86;202;194;0;0;0;0;0;0;0
171;478210;-130;202;197;0;0;0;0;0;0;0
172;481023;-183;202;197;0;0;0;0;0;0;0
173;483836;-291;202;200;0;0;0;0;0;0;0
174;486649;-363;199;200;0;0;0;0;0;0;0
175;489462;-393;202;202;0;0;0;0;0;0;0
176;492275;-354;199;197;0;0;0;0;0;0;0
177;495088;-252;196;194;0;0;0;0;0;0;0
178;497901;-139;199;197;0;0;0;0;0;0;0
179;500714;-31;204;200;0;0;0;0;0;0;0
180;503527;19;199;202;0;0;0;0;0;0;0
181;506340;97;199;202;0;0;0;0;0;0;0
182;509153;149;196;197;0;0;0;0;0;0;0
183;511966;227;199;194;0;0;0;0;0;0;0
184;514779;324;196;194;0;0;0;0;0;0;0
185;517592;379;202;197;0;0;0;0;0;0;0
186;520405;398;204;197;0;0;0;0;0;0;0
187;523218;332;204;200;0;0;0;0;0;0;0
188;526031;218;199;200;0;0;0;0;0;0;0
189;528844;102;202;197;0;0;0;0;0;0;0
190;531657;5;199;197;0;0;0;0;0;0;0
191;534470;-58;204;197;0;0;0;0;0;0;0
192;537283;-119;196;194;0;0;0;0;0;0;0
193;540096;-166;199;197;0;0;0;0;0;0;0
194;542909;-260;199;200;0;0;0;0;0;0;0
195;545722;-352;202;202;0;0;0;0;0;0;0
196;548535;-388;196;197;0;0;0;0;0;0;0
197;551348;-379;202;200;0;0;0;0;0;0;0
198;554161;-294;199;192;0;0;0;0;0;0;0
199;556974;-183;199;194;0;0;0;0;0;0;0
200;559787;-56;199;200;0;0;0;0;0;0;0
201;562600;-3;199;200;0;0;0;0;0;0;0
202;565413;83;202;197;0;0;0;0;0;0;0
203;568226;135;199;200;0;0;0;0;0;0;0
204;571039;194;202;194;0;0;0;0;0;0;0
205;573852;288;199;194;0;0;0;0;0;0;0
206;576665;368;202;192;0;0;0;0;0;0;0
207;579478;396;199;197;0;0;0;0;0;0;0
208;582291;357;204;197;0;0;0;0;0;0;0
209;585104;257;199;202;0;0;0;0;0;0;0
210;587917;144;202;200;0;0;0;0;0;0;0
211;590730;36;199;197;0;0;0;0;0;0;0
212;593543;-20;199;194;0;0;0;0;0;0;0
213;596356;-94;199;192;0;0;0;0;0;0;0
214;599169;-144;199;200;0;0;0;0;0;0;0
215;601982;-213;199;194;0;0;0;0;0;0;0
216;604795;-318;199;202;0;0;0;0;0;0;0
217;607608;-377;204;197;0;0;0;0;0;0;0
218;610421;-388;202;197;0;0;0;0;0;0;0
219;613234;-332;199;194;0;0;0;0;0;0;0
220;616047;-219;199;194;0;0;0;0;0;0;0
221;618860;-108;199;197;0;0;0;0;0;0;0
222;621673;-6;202;202;0;0;0;0;0;0;0
223;624486;58;199;200;0;0;0;0;0;0;0
224;627299;116;199;202;0;0;0;0;0;0;0
225;630112;174;199;194;0;0;0;0;0;0;0
226;632925;266;196;197;0;0;0;0;0;0;0
227;635738;349;196;197;0;0;0;0;0;0;0
228;638551;390;199;197;0;0;0;0;0;0;0
229;641364;379;202;200;0;0;0;0;0;0;0
230;644177;290;204;202;0;0;0;0;0;0;0
231;646990;180;202;197;0;0;0;0;0;0;0
232;649803;52;199;194;0;0;0;0;0;0;0
233;652616;-8;199;194;0;0;0;0;0;0;0
234;655429;-80;194;197;0;0;0;0;0;0;0
235;658242;-133;202;194;0;0;0;0;0;0;0
236;661055;-183;199;202;0;0;0;0;0;0;0
237;663868;-288;199;197;0;0;0;0;0;0;0
238;666681;-363;202;197;0;0;0;0;0;0;0
239;669494;-396;202;197;0;0;0;0;0;0;0
240;672307;-357;196;197;0;0;0;0;0;0;0
241;675120;-249;199;192;0;0;0;0;0;0;0
242;677933;-139;199;194;0;0;0;0;0;0;0
243;680746;-28;202;197;0;0;0;0;0;0;0
244;683559;19;199;200;0;0;0;0;0;0;0
245;686372;97;199;202;0;0;0;0;0;0;0
246;689185;147;199;194;0;0;0;0;0;0;0
247;691998;224;199;200;0;0;0;0;0;0;0
248;694811;321;199;197;0;0;0;0;0;0;0
249;697624;379;199;192;0;0;0;0;0;0;0
250;700437;390;199;197;0;0;0;0;0;0;0
251;703250;329;202;197;0;0;0;0;0;0;0
252;706063;213;196;200;0;0;0;0;0;0;0
253;708876;97;199;200;0;0;0;0;0;0;0
254;711689;8;199;200;0;0;0;0;0;0;0
255;714502;-58;202;197;0;0;0;0;0;0;0
256;717315;-119;196;194;0;0;0;0;0;0;0
257;720128;-161;204;200;0;0;0;0;0;0;0
258;722941;-263;204;200;0;0;0;0;0;0;0
259;725754;-343;202;200;0;0;0;0;0;0;0
260;728567;-385;199;200;0;0;0;0;0;0;0
261;731380;-371;199;197;0;0;0;0;0;0;0
262;734193;-288;196;192;0;0;0;0;0;0;0
263;737006;-180;202;197;0;0;0;0;0;0;0
264;739819;-58;196;200;0;0;0;0;0;0;0
265;742632;5;202;200;0;0;0;0;0;0;0
266;745445;77;204;200;0;0;0;0;0;0;0
267;748258;130;199;200;0;0;0;0;0;0;0
268;751071;191;202;197;0;0;0;0;0;0;0
269;753884;288;196;194;0;0;0;0;0;0;0
270;756697;360;199;197;0;0;0;0;0;0;0
271;759510;393;196;200;0;0;0;0;0;0;0
272;762323;357;207;197;0;0;0;0;0;0;0
273;765136;252;199;200;0;0;0;0;0;0;0
274;767949;135;204;200;0;0;0;0;0;0;0
275;770762;30;196;197;0;0;0;0;0;0;0
276;773575;-20;196;200;0;0;0;0;0;0;0
277;776388;-97;199;197;0;0;0;0;0;0;0
278;779201;-144;202;197;0;0;0;0;0;0;0
279;782014;-213;199;200;0;0;0;0;0;0;0
280;784827;-324;202;202;0;0;0;0;0;0;0
281;787640;-368;202;200;0;0;0;0;0;0;0
282;790453;-385;202;200;0;0;0;0;0;0;0
283;793266;-324;202;200;0;0;0;0;0;0;0
284;796079;-224;196;197;0;0;0;0;0;0;0
285;798892;-108;196;200;0;0;0;0;0;0;0
286;801705;-6;204;200;0;0;0;0;0;0;0
287;804518;47;202;197;0;0;0;0;0;0;0
288;807331;116;202;200;0;0;0;0;0;0;0
289;810144;169;199;200;0;0;0;0;0;0;0
290;812957;266;202;197;0;0;0;0;0;0;0
291;815770;346;199;194;0;0;0;0;0;0;0
292;818583;382;199;197;0;0;0;0;0;0;0
293;821396;376;202;200;0;0;0;0;0;0;0
294;824209;282;202;200;0;0;0;0;0;0;0
295;827022;171;199;200;0;0;0;0;0;0;0
296;829835;55;202;197;0;0;0;0;0;0;0
297;832648;-3;202;194;0;0;0;0;0;0;0
298;835461;-83;199;197;0;0;0;0;0;0;0
299;838274;-133;202;194;0;0;0;0;0;0;0
300;841087;-177;202;202;0;0;0;0;0;0;0
301;843900;-285;199;205;0;0;0;0;0;0;0
302;846713;-357;204;197;0;0;0;0;0;0;0
303;849526;-390;202;197;0;0;0;0;0;0;0
304;852339;-349;199;197;0;0;0;0;0;0;0
305;855152;-249;199;194;0;0;0;0;0;0;0
306;857965;-136;202;197;0;0;0;0;0;0;0
307;860778;-31;199;200;0;0;0;0;0;0;0
308;863591;27;199;197;0;0;0;0;0;0;0
309;866404;99;199;200;0;0;0;0;0;0;0
310;869217;155;204;200;0;0;0;0;0;0;0
311;872030;224;199;197;0;0;0;0;0;0;0
312;874843;321;199;197;0;0;0;0;0;0;0
313;877656;368;196;194;0;0;0;0;0;0;0
314;880469;385;199;200;0;0;0;0;0;0;0
315;883282;324;204;197;0;0;0;0;0;0;0
316;886095;213;204;202;0;0;0;0;0;0;0
317;888908;97;199;197;0;0;0;0;0;0;0
318;891721;5;196;200;0;0;0;0;0;0;0
319;894534;-50;202;194;0;0;0;0;0;0;0
320;897347;-116;196;197;0;0;0;0;0;0;0
321;900160;-158;202;197;0;0;0;0;0;0;0
322;902973;-263;204;200;0;0;0;0;0;0;0
323;905786;-343;204;202;0;0;0;0;0;0;0
324;908599;-382;204;197;0;0;0;0;0;0;0
325;911412;-374;196;194;0;0;0;0;0;0;0
326;914225;-288;199;200;0;0;0;0;0;0;0
327;917038;-175;196;194;0;0;0;0;0;0;0
328;919851;-56;199;194;0;0;0;0;0;0;0
329;922664;5;202;202;0;0;0;0;0;0;0
330;925477;77;202;205;0;0;0;0;0;0;0
331;928290;135;204;200;0;0;0;0;0;0;0
332;931103;191;199;197;0;0;0;0;0;0;0
333;933916;282;202;197;0;0;0;0;0;0;0
334;936729;357;199;197;0;0;0;0;0;0;0
335;939542;390;202;197;0;0;0;0;0;0;0
336;942355;354;202;200;0;0;0;0;0;0;0
337;945168;249;204;202;0;0;0;0;0;0;0
338;947981;141;202;200;0;0;0;0;0;0;0
339;950794;36;199;200;0;0;0;0;0;0;0
340;953607;-22;196;197;0;0;0;0;0;0;0
341;956420;-100;199;197;0;0;0;0;0;0;0
342;959233;-141;199;197;0;0;0;0;0;0;0
343;962046;-222;202;197;0;0;0;0;0;0;0
344;964859;-321;202;202;0;0;0;0;0;0;0
345;967672;-374;202;200;0;0;0;0;0;0;0
346;970485;-388;199;202;0;0;0;0;0;0;0
347;973298;-330;202;200;0;0;0;0;0;0;0
348;976111;-219;199;194;0;0;0;0;0;0;0
349;978924;-97;199;194;0;0;0;0;0;0;0
350;981737;-6;199;194;0;0;0;0;0;0;0
351;984550;55;202;197;0;0;0;0;0;0;0
352;987363;116;199;200;0;0;0;0;0;0;0
353;990176;171;196;197;0;0;0;0;0;0;0
354;992989;268;199;194;0;0;0;0;0;0;0
355;995802;346;199;194;0;0;0;0;0;0;0
356;998615;390;199;197;0;0;0;0;0;0;0
357;1001428;376;202;200;0;0;0;0;0;0;0
358;1004241;290;207;194;0;0;0;0;0;0;0
359;1007054;177;199;200;0;0;0;0;0;0;0
360;1009867;55;202;200;0;0;0;0;0;0;0
361;1012680;-6;199;194;0;0;0;0;0;0;0
362;1015493;-80;202;192;0;0;0;0;0;0;0
363;1018306;-133;199;200;0;0;0;0;0;0;0
364;1021119;-180;202;200;0;0;0;0;0;0;0
365;1023932;-294;199;200;0;0;0;0;0;0;0
366;1026745;-368;202;202;0;0;0;0;0;0;0
367;1029558;-396;202;200;0;0;0;0;0;0;0
368;1032371;-354;196;194;0;0;0;0;0;0;0
369;1035184;-252;196;192;0;0;0;0;0;0;0
370;1037997;-139;202;197;0;0;0;0;0;0;0
371;1040810;-33;204;200;0;0;0;0;0;0;0
372;1043623;22;202;200;0;0;0;0;0;0;0
373;1046436;99;199;200;0;0;0;0;0;0;0
374;1049249;152;196;197;0;0;0;0;0;0;0
375;1052062;227;202;197;0;0;0;0;0;0;0
376;1054875;324;199;194;0;0;0;0;0;0;0
377;1057688;379;196;200;0;0;0;0;0;0;0
378;1060501;396;202;200;0;0;0;0;0;0;0
379;1063314;332;204;200;0;0;0;0;0;0;0
380;1066127;224;204;197;0;0;0;0;0;0;0
381;1068940;102;202;197;0;0;0;0;0;0;0
382;1071753;11;199;197;0;0;0;0;0;0;0
383;1074566;-53;199;197;0;0;0;0;0;0;0
384;1077379;-119;202;194;0;0;0;0;0;0;0
385;1080192;-163;199;194;0;0;0;0;0;0;0
386;1083005;-266;202;197;0;0;0;0;0;0;0
387;1085818;-352;207;202;0;0;0;0;0;0;0
388;1088631;-393;199;202;0;0;0;0;0;0;0
389;1091444;-385;199;200;0;0;0;0;0;0;0
390;1094257;-291;202;194;0;0;0;0;0;0;0
391;1097070;-186;199;192;0;0;0;0;0;0;0
392;1099883;-61;202;200;0;0;0;0;0;0;0
393;1102696;0;199;197;0;0;0;0;0;0;0
394;1105509;75;202;200;0;0;0;0;0;0;0
395;1108322;133;199;194;0;0;0;0;0;0;0
396;1111135;191;202;197;0;0;0;0;0;0;0
397;1113948;290;202;197;0;0;0;0;0;0;0
398;1116761;360;199;192;0;0;0;0;0;0;0
399;1119574;393;199;200;0;0;0;0;0;0;0
400;1122387;351;202;202;0;0;0;0;0;0;0
401;1125200;246;199;202;0;0;0;0;0;0;0
402;1128013;138;199;200;0;0;0;0;0;0;0
403;1130826;27;199;202;0;0;0;0;0;0;0
404;1133639;-22;202;197;0;0;0;0;0;0;0
405;1136452;-103;196;197;0;0;0;0;0;0;0
406;1139265;-150;199;200;0;0;0;0;0;0;0
407;1142078;-222;199;197;0;0;0;0;0;0;0
408;1144891;-321;199;202;0;0;0;0;0;0;0
409;1147704;-379;204;200;0;0;0;0;0;0;0
410;1150517;-390;199;197;0;0;0;0;0;0;0
411;1153330;-332;199;197;0;0;0;0;0;0;0
412;1156143;-216;199;192;0;0;0;0;0;0;0
413;1158956;-105;199;197;0;0;0;0;0;0;0
414;1161769;-6;204;202;0;0;0;0;0;0;0
415;1164582;50;202;200;0;0;0;0;0;0;0
416;1167395;122;202;200;0;0;0;0;0;0;0
417;1170208;169;204;194;0;0;0;0;0;0;0
418;1173021;266;199;194;0;0;0;0;0;0;0
419;1175834;346;199;197;0;0;0;0;0;0;0
420;1178647;393;199;194;0;0;0;0;0;0;0
421;1181460;379;202;200;0;0;0;0;0;0;0
422;1184273;293;202;202;0;0;0;0;0;0;0
423;1187086;185;207;197;0;0;0;0;0;0;0
424;1189899;61;202;200;0;0;0;0;0;0;0
425;1192712;0;202;197;0;0;0;0;0;0;0
426;1195525;-75;199;194;0;0;0;0;0;0;0
427;1198338;-133;202;194;0;0;0;0;0;0;0
428;1201151;-186;204;200;0;0;0;0;0;0;0
429;1203964;-294;204;197;0;0;0;0;0;0;0
430;1206777;-368;202;197;0;0;0;0;0;0;0
431;1209590;-404;199;197;0;0;0;0;0;0;0
432;1212403;-374;202;194;0;0;0;0;0;0;0
433;1215216;-263;194;197;0;0;0;0;0;0;0
434;1218029;-152;196;194;0;0;0;0;0;0;0
435;1220842;-36;202;200;0;0;0;0;0;0;0
436;1223655;14;202;202;0;0;0;0;0;0;0
437;1226468;97;204;202;0;0;0;0;0;0;0
438;1229281;149;202;205;0;0;0;0;0;0;0
439;1232094;224;199;194;0;0;0;0;0;0;0
440;1234907;324;196;192;0;0;0;0;0;0;0
441;1237720;382;202;194;0;0;0;0;0;0;0
442;1240533;401;202;200;0;0;0;0;0;0;0
443;1243346;343;202;200;0;0;0;0;0;0;0
444;1246159;230;204;197;0;0;0;0;0;0;0
445;1248972;113;202;200;0;0;0;0;0;0;0
446;1251785;22;202;197;0;0;0;0;0;0;0
447;1254598;-42;199;194;0;0;0;0;0;0;0
448;1257411;-108;196;189;0;0;0;0;0;0;0
449;1260224;-155;204;197;0;0;0;0;0;0;0
450;1263037;-269;202;202;0;0;0;0;0;0;0
451;1265850;-354;202;205;0;0;0;0;0;0;0
452;1268663;-390;204;197;0;0;0;0;0;0;0
453;1271476;-388;196;194;0;0;0;0;0;0;0
454;1274289;-302;199;197;0;0;0;0;0;0;0
455;1277102;-188;199;194;0;0;0;0;0;0;0
456;1279915;-64;202;200;0;0;0;0;0;0;0
457;1282728;-6;202;197;0;0;0;0;0;0;0
458;1285541;72;202;202;0;0;0;0;0;0;0
459;1288354;130;199;200;0;0;0;0;0;0;0
460;1291167;191;199;194;0;0;0;0;0;0;0
461;1293980;290;196;194;0;0;0;0;0;0;0
462;1296793;362;196;197;0;0;0;0;0;0;0
463;1299606;398;204;200;0;0;0;0;0;0;0
464;1302419;362;199;197;0;0;0;0;0;0;0
465;1305232;263;199;200;0;0;0;0;0;0;0
466;1308045;152;202;197;0;0;0;0;0;0;0
467;1310858;39;196;197;0;0;0;0;0;0;0
468;1313671;-14;202;197;0;0;0;0;0;0;0
469;1316484;-94;199;197;0;0;0;0;0;0;0
470;1319297;-147;199;194;0;0;0;0;0;0;0
471;1322110;-219;202;194;0;0;0;0;0;0;0
472;1324923;-324;199;197;0;0;0;0;0;0;0
473;1327736;-382;202;202;0;0;0;0;0;0;0
474;1330549;-396;199;197;0;0;0;0;0;0;0
475;1333362;-338;199;194;0;0;0;0;0;0;0
476;1336175;-224;199;197;0;0;0;0;0;0;0
477;1338988;-111;196;194;0;0;0;0;0;0;0
478;1341801;-8;202;202;0;0;0;0;0;0;0
479;1344614;44;199;202;0;0;0;0;0;0;0
480;1347427;116;199;200;0;0;0;0;0;0;0
481;1350240;169;194;192;0;0;0;0;0;0;0
482;1353053;271;199;192;0;0;0;0;0;0;0
483;1355866;351;199;197;0;0;0;0;0;0;0
484;1358679;396;204;197;0;0;0;0;0;0;0
485;1361492;387;196;194;0;0;0;0;0;0;0
486;1364305;299;202;200;0;0;0;0;0;0;0
487;1367118;191;199;202;0;0;0;0;0;0;0
488;1369931;66;202;194;0;0;0;0;0;0;0
489;1372744;3;199;194;0;0;0;0;0;0;0
490;1375557;-72;199;194;0;0;0;0;0;0;0
491;1378370;-125;199;197;0;0;0;0;0;0;0
492;1381183;-186;199;197;0;0;0;0;0;0;0
493;1383996;-291;202;200;0;0;0;0;0;0;0
494;1386809;-374;202;197;0;0;0;0;0;0;0
495;1389622;-413;199;200;0;0;0;0;0;0;0
496;1392435;-377;196;197;0;0;0;0;0;0;0
497;1395248;-291;199;192;0;0;0;0;0;0;0
498;1398061;-620;199;192;0;0;0;0;0;0;0
499;1400874;-1248;199;200;0;0;0;0;0;0;0
500;1403687;-1733;199;194;0;0;0;0;0;0;0
501;1406500;-1987;204;200;0;0;0;0;0;0;0
502;1409313;-1982;199;197;0;0;0;0;0;0;0
503;1412126;-1749;199;197;0;0;0;0;0;0;0
504;1414939;-1298;202;197;0;0;0;0;0;0;0
505;1417752;-664;199;194;0;0;0;0;0;0;0
506;1420565;44;199;200;0;0;0;0;0;0;0
507;1423378;570;204;197;0;0;0;0;0;0;0
508;1426191;645;204;202;0;0;0;0;0;0;0
509;1429004;512;202;200;0;0;0;0;0;0;0
510;1431817;407;199;197;0;0;0;0;0;0;0
511;1434630;324;199;194;0;0;0;0;0;0;0
512;1437443;290;199;197;0;0;0;0;0;0;0
513;1440256;390;204;200;0;0;0;0;0;0;0
514;1443069;163;199;200;0;0;0;0;0;0;0
515;1445882;-25;202;200;0;0;0;0;0;0;0
516;1448695;-80;202;200;0;0;0;0;0;0;0
517;1451508;-80;202;194;0;0;0;0;0;0;0
518;1454321;5;199;197;0;0;0;0;0;0;0
519;1457134;105;199;197;0;0;0;0;0;0;0
520;1459947;-258;202;200;0;0;0;0;0;0;0
521;1462760;-825;202;200;0;0;0;0;0;0;0
522;1465573;-1223;204;200;0;0;0;0;0;0;0
523;1468386;-1365;204;200;0;0;0;0;0;0;0
524;1471199;-1262;199;197;0;0;0;0;0;0;0
525;1474012;-938;202;197;0;0;0;0;0;0;0
526;1476825;-413;199;194;0;0;0;0;0;0;0
527;1479638;191;202;194;0;0;0;0;0;0;0
528;1482451;664;202;200;0;0;0;0;0;0;0
529;1485264;750;207;197;0;0;0;0;0;0;0
530;1488077;614;199;200;0;0;0;0;0;0;0
531;1490890;498;196;197;0;0;0;0;0;0;0
532;1493703;420;204;194;0;0;0;0;0;0;0
533;1496516;401;204;194;0;0;0;0;0;0;0
534;1499329;1190;199;200;0;0;0;0;0;0;0
535;1502142;1063;204;200;0;0;0;0;0;0;0
536;1504955;47;202;197;0;0;0;0;0;0;0
537;1507768;-64;202;194;0;0;0;0;0;0;0
538;1510581;-100;199;200;0;0;0;0;0;0;0
539;1513394;-33;196;197;0;0;0;0;0;0;0
540;1516207;66;202;194;0;0;0;0;0;0;0
541;1519020;61;196;197;0;0;0;0;0;0;0
542;1521833;-437;202;200;0;0;0;0;0;0;0
543;1524646;-916;199;200;0;0;0;0;0;0;0
544;1527459;-1154;199;197;0;0;0;0;0;0;0
545;1530272;-1129;202;194;0;0;0;0;0;0;0
546;1533085;-883;202;197;0;0;0;0;0;0;0
547;1535898;-429;196;194;0;0;0;0;0;0;0
548;1538711;124;202;197;0;0;0;0;0;0;0
549;1541524;620;199;200;0;0;0;0;0;0;0
550;1544337;761;204;197;0;0;0;0;0;0;0
551;1547150;645;199;200;0;0;0;0;0;0;0
552;1549963;506;199;197;0;0;0;0;0;0;0
553;1552776;429;202;200;0;0;0;0;0;0;0
554;1555589;398;196;197;0;0;0;0;0;0;0
555;1558402;1793;202;194;0;0;0;0;0;0;0
556;1561215;2255;199;194;0;0;0;0;0;0;0
557;1564028;528;199;200;0;0;0;0;0;0;0
558;1566841;-191;202;197;0;0;0;0;0;0;0
559;1569654;-158;202;197;0;0;0;0;0;0;0
560;1572467;-202;202;197;0;0;0;0;0;0;0
561;1575280;-83;202;194;0;0;0;0;0;0;0
562;1578093;-14;199;192;0;0;0;0;0;0;0
563;1580906;-280;202;202;0;0;0;0;0;0;0
564;1583719;-742;199;200;0;0;0;0;0;0;0
565;1586532;-1046;204;197;0;0;0;0;0;0;0
566;1589345;-1091;202;194;0;0;0;0;0;0;0
567;1592158;-902;202;200;0;0;0;0;0;0;0
568;1594971;-512;199;192;0;0;0;0;0;0;0
569;1597784;3;204;194;0;0;0;0;0;0;0
570;1600597;526;202;202;0;0;0;0;0;0;0
571;1603410;775;202;197;0;0;0;0;0;0;0
572;1606223;661;199;202;0;0;0;0;0;0;0
573;1609036;528;202;200;0;0;0;0;0;0;0
574;1611849;423;199;194;0;0;0;0;0;0;0
575;1614662;371;199;197;0;0;0;0;0;0;0
576;1617475;1644;199;197;0;0;0;0;0;0;0
577;1620288;2469;199;200;0;0;0;0;0;0;0
578;1623101;1508;202;197;0;0;0;0;0;0;0
579;1625914;-191;204;202;0;0;0;0;0;0;0
580;1628727;-266;202;194;0;0;0;0;0;0;0
581;1631540;-360;199;194;0;0;0;0;0;0;0
582;1634353;-241;202;194;0;0;0;0;0;0;0
583;1637166;-166;196;200;0;0;0;0;0;0;0
584;1639979;-139;204;194;0;0;0;0;0;0;0
585;1642792;-573;202;200;0;0;0;0;0;0;0
586;1645605;-933;202;200;0;0;0;0;0;0;0
587;1648418;-1080;199;200;0;0;0;0;0;0;0
588;1651231;-969;199;200;0;0;0;0;0;0;0
589;1654044;-662;202;197;0;0;0;0;0;0;0
590;1656857;-183;199;200;0;0;0;0;0;0;0
591;1659670;329;202;197;0;0;0;0;0;0;0
592;1662483;689;202;197;0;0;0;0;0;0;0
593;1665296;589;207;200;0;0;0;0;0;0;0
594;1668109;473;199;200;0;0;0;0;0;0;0
595;1670922;354;199;200;0;0;0;0;0;0;0
596;1673735;290;202;197;0;0;0;0;0;0;0
597;1676548;822;202;192;0;0;0;0;0;0;0
598;1679361;2344;202;197;0;0;0;0;0;0;0
599;1682174;2385;202;200;0;0;0;0;0;0;0
600;1684987;133;202;200;0;0;0;0;0;0;0
601;1687800;-377;202;197;0;0;0;0;0;0;0
602;1690613;-399;196;197;0;0;0;0;0;0;0
603;1693426;-360;204;197;0;0;0;0;0;0;0
604;1696239;-252;202;194;0;0;0;0;0;0;0
605;1699052;-144;199;200;0;0;0;0;0;0;0
606;1701865;-435;204;200;0;0;0;0;0;0;0
607;1704678;-830;199;197;0;0;0;0;0;0;0
608;1707491;-1055;202;197;0;0;0;0;0;0;0
609;1710304;-1024;199;194;0;0;0;0;0;0;0
610;1713117;-789;199;194;0;0;0;0;0;0;0
611;1715930;-357;199;192;0;0;0;0;0;0;0
612;1718743;133;204;200;0;0;0;0;0;0;0
613;1721556;575;202;200;0;0;0;0;0;0;0
614;1724369;548;199;197;0;0;0;0;0;0;0
615;1727182;429;204;200;0;0;0;0;0;0;0
616;1729995;310;202;194;0;0;0;0;0;0;0
617;1732808;238;199;197;0;0;0;0;0;0;0
618;1735621;271;199;194;0;0;0;0;0;0;0
619;1738434;2139;202;200;0;0;0;0;0;0;0
620;1741247;2828;202;197;0;0;0;0;0;0;0
621;1744060;733;202;200;0;0;0;0;0;0;0
622;1746873;-507;204;202;0;0;0;0;0;0;0
623;1749686;-432;199;200;0;0;0;0;0;0;0
624;1752499;-471;194;194;0;0;0;0;0;0;0
625;1755312;-335;202;197;0;0;0;0;0;0;0
626;1758125;-233;202;197;0;0;0;0;0;0;0
627;1760938;-296;202;200;0;0;0;0;0;0;0
628;1763751;-709;202;200;0;0;0;0;0;0;0
629;1766564;-1002;202;197;0;0;0;0;0;0;0
630;1769377;-1063;204;197;0;0;0;0;0;0;0
631;1772190;-894;196;197;0;0;0;0;0;0;0
632;1775003;-520;199;194;0;0;0;0;0;0;0
633;1777816;-47;202;194;0;0;0;0;0;0;0
634;1780629;420;202;197;0;0;0;0;0;0;0
635;1783442;523;202;197;0;0;0;0;0;0;0
636;1786255;409;202;200;0;0;0;0;0;0;0
637;1789068;290;202;202;0;0;0;0;0;0;0
638;1791881;205;199;197;0;0;0;0;0;0;0
639;1794694;166;199;200;0;0;0;0;0;0;0
640;1797507;1893;199;194;0;0;0;0;0;0;0
641;1800320;2632;204;194;0;0;0;0;0;0;0
642;1803133;1505;202;200;0;0;0;0;0;0;0
643;1805946;-401;202;202;0;0;0;0;0;0;0
644;1808759;-485;204;197;0;0;0;0;0;0;0
645;1811572;-554;199;197;0;0;0;0;0;0;0
646;1814385;-407;202;194;0;0;0;0;0;0;0
647;1817198;-316;196;192;0;0;0;0;0;0;0
648;1820011;-208;196;200;0;0;0;0;0;0;0
649;1822824;-579;204;200;0;0;0;0;0;0;0
650;1825637;-927;202;200;0;0;0;0;0;0;0
651;1828450;-1074;199;197;0;0;0;0;0;0;0
652;1831263;-972;199;197;0;0;0;0;0;0;0
653;1834076;-673;199;197;0;0;0;0;0;0;0
654;1836889;-216;199;194;0;0;0;0;0;0;0
655;1839702;260;196;194;0;0;0;0;0;0;0
656;1842515;506;196;200;0;0;0;0;0;0;0
657;1845328;407;202;197;0;0;0;0;0;0;0
658;1848141;299;202;194;0;0;0;0;0;0;0
659;1850954;188;204;197;0;0;0;0;0;0;0
660;1853767;144;199;194;0;0;0;0;0;0;0
661;1856580;847;196;192;0;0;0;0;0;0;0
662;1859393;2319;199;200;0;0;0;0;0;0;0
663;1862206;2286;202;200;0;0;0;0;0;0;0
664;1865019;80;199;202;0;0;0;0;0;0;0
665;1867832;-496;202;200;0;0;0;0;0;0;0
666;1870645;-526;202;200;0;0;0;0;0;0;0
667;1873458;-476;202;194;0;0;0;0;0;0;0
668;1876271;-357;199;197;0;0;0;0;0;0;0
669;1879084;-249;202;194;0;0;0;0;0;0;0
670;1881897;-449;207;197;0;0;0;0;0;0;0
671;1884710;-828;199;200;0;0;0;0;0;0;0
672;1887523;-1060;199;200;0;0;0;0;0;0;0
673;1890336;-1030;199;197;0;0;0;0;0;0;0
674;1893149;-789;202;194;0;0;0;0;0;0;0
675;1895962;-374;199;192;0;0;0;0;0;0;0
676;1898775;97;202;194;0;0;0;0;0;0;0
677;1901588;481;202;197;0;0;0;0;0;0;0
678;1904401;415;202;197;0;0;0;0;0;0;0
679;1907214;313;202;202;0;0;0;0;0;0;0
680;1910027;185;199;200;0;0;0;0;0;0;0
681;1912840;130;199;200;0;0;0;0;0;0;0
682;1915653;171;196;197;0;0;0;0;0;0;0
683;1918466;2015;196;197;0;0;0;0;0;0;0
684;1921279;2698;199;200;0;0;0;0;0;0;0
685;1924092;661;202;200;0;0;0;0;0;0;0
686;1926905;-573;204;202;0;0;0;0;0;0;0
687;1929718;-501;199;200;0;0;0;0;0;0;0
688;1932531;-540;202;194;0;0;0;0;0;0;0
689;1935344;-407;199;197;0;0;0;0;0;0;0
690;1938157;-299;196;197;0;0;0;0;0;0;0
691;1940970;-285;199;197;0;0;0;0;0;0;0
692;1943783;-678;199;197;0;0;0;0;0;0;0
693;1946596;-980;204;200;0;0;0;0;0;0;0
694;1949409;-1049;199;197;0;0;0;0;0;0;0
695;1952222;-877;199;197;0;0;0;0;0;0;0
696;1955035;-509;199;192;0;0;0;0;0;0;0
697;1957848;-47;199;200;0;0;0;0;0;0;0
698;1960661;404;196;197;0;0;0;0;0;0;0
699;1963474;440;202;197;0;0;0;0;0;0;0
700;1966287;326;202;200;0;0;0;0;0;0;0
701;1969100;216;204;194;0;0;0;0;0;0;0
702;1971913;135;202;197;0;0;0;0;0;0;0
703;1974726;86;202;194;0;0;0;0;0;0;0
704;1977539;1699;194;197;0;0;0;0;0;0;0
705;1980352;2455;202;200;0;0;0;0;0;0;0
706;1983165;1367;199;202;0;0;0;0;0;0;0
707;1985978;-446;204;200;0;0;0;0;0;0;0
708;1988791;-507;199;202;0;0;0;0;0;0;0
709;1991604;-587;202;194;0;0;0;0;0;0;0
710;1994417;-451;199;197;0;0;0;0;0;0;0
711;1997230;-349;199;197;0;0;0;0;0;0;0
712;2000043;-230;202;200;0;0;0;0;0;0;0
713;2002856;-532;207;200;0;0;0;0;0;0;0
714;2005669;-880;202;200;0;0;0;0;0;0;0
715;2008482;-1030;199;194;0;0;0;0;0;0;0
716;2011295;-936;202;194;0;0;0;0;0;0;0
717;2014108;-634;202;197;0;0;0;0;0;0;0
718;2016921;-191;202;192;0;0;0;0;0;0;0
719;2019734;277;199;194;0;0;0;0;0;0;0
720;2022547;445;204;200;0;0;0;0;0;0;0
721;2025360;349;199;202;0;0;0;0;0;0;0
722;2028173;249;202;200;0;0;0;0;0;0;0
723;2030986;133;199;197;0;0;0;0;0;0;0
724;2033799;97;204;194;0;0;0;0;0;0;0
725;2036612;620;202;194;0;0;0;0;0;0;0
726;2039425;2106;196;197;0;0;0;0;0;0;0
727;2042238;2142;204;200;0;0;0;0;0;0;0
728;2045051;-78;202;200;0;0;0;0;0;0;0
729;2047864;-534;202;200;0;0;0;0;0;0;0
730;2050677;-559;202;200;0;0;0;0;0;0;0
731;2053490;-498;196;192;0;0;0;0;0;0;0
732;2056303;-393;199;194;0;0;0;0;0;0;0
733;2059116;-277;196;197;0;0;0;0;0;0;0
734;2061929;-401;202;200;0;0;0;0;0;0;0
735;2064742;-761;207;197;0;0;0;0;0;0;0
736;2067555;-994;202;194;0;0;0;0;0;0;0
737;2070368;-980;199;197;0;0;0;0;0;0;0
738;2073181;-739;196;200;0;0;0;0;0;0;0
739;2075994;-332;199;202;0;0;0;0;0;0;0
740;2078807;138;202;197;0;0;0;0;0;0;0
741;2081620;465;202;197;0;0;0;0;0;0;0
742;2084433;387;199;197;0;0;0;0;0;0;0
743;2087246;282;199;197;0;0;0;0;0;0;0
744;2090059;160;199;197;0;0;0;0;0;0;0
745;2092872;105;199;192;0;0;0;0;0;0;0
746;2095685;105;199;194;0;0;0;0;0;0;0
747;2098498;1854;202;197;0;0;0;0;0;0;0
748;2101311;2430;199;200;0;0;0;0;0;0;0
749;2104124;506;202;202;0;0;0;0;0;0;0
750;2106937;-559;204;197;0;0;0;0;0;0;0
751;2109750;-498;202;200;0;0;0;0;0;0;0
752;2112563;-551;199;197;0;0;0;0;0;0;0
753;2115376;-415;196;197;0;0;0;0;0;0;0
754;2118189;-305;199;194;0;0;0;0;0;0;0
755;2121002;-244;204;197;0;0;0;0;0;0;0
756;2123815;-604;204;200;0;0;0;0;0;0;0
757;2126628;-908;202;205;0;0;0;0;0;0;0
758;2129441;-977;202;200;0;0;0;0;0;0;0
759;2132254;-808;199;192;0;0;0;0;0;0;0
760;2135067;-449;196;194;0;0;0;0;0;0;0
761;2137880;3;196;197;0;0;0;0;0;0;0
762;2140693;429;199;197;0;0;0;0;0;0;0
763;2143506;429;202;200;0;0;0;0;0;0;0
764;2146319;321;204;197;0;0;0;0;0;0;0
765;2149132;202;199;197;0;0;0;0;0;0;0
766;2151945;122;199;194;0;0;0;0;0;0;0
767;2154758;72;196;197;0;0;0;0;0;0;0
768;2157571;1375;199;194;0;0;0;0;0;0;0
769;2160384;2192;202;200;0;0;0;0;0;0;0
770;2163197;1184;199;200;0;0;0;0;0;0;0
771;2166010;-465;199;202;0;0;0;0;0;0;0
772;2168823;-485;204;200;0;0;0;0;0;0;0
773;2171636;-573;202;194;0;0;0;0;0;0;0
774;2174449;-446;199;200;0;0;0;0;0;0;0
775;2177262;-352;202;200;0;0;0;0;0;0;0
776;2180075;-219;199;197;0;0;0;0;0;0;0
777;2182888;-462;199;200;0;0;0;0;0;0;0
778;2185701;-803;202;202;0;0;0;0;0;0;0
779;2188514;-961;202;197;0;0;0;0;0;0;0
780;2191327;-869;199;200;0;0;0;0;0;0;0
781;2194140;-570;199;197;0;0;0;0;0;0;0
782;2196953;-136;199;194;0;0;0;0;0;0;0
783;2199766;324;202;200;0;0;0;0;0;0;0
784;2202579;445;199;202;0;0;0;0;0;0;0
785;2205392;346;196;205;0;0;0;0;0;0;0
786;2208205;246;196;200;0;0;0;0;0;0;0
787;2211018;135;199;194;0;0;0;0;0;0;0
788;2213831;86;202;194;0;0;0;0;0;0;0
789;2216644;362;196;194;0;0;0;0;0;0;0
790;2219457;1824;202;197;0;0;0;0;0;0;0
791;2222270;1970;202;200;0;0;0;0;0;0;0
792;2225083;-177;204;194;0;0;0;0;0;0;0
793;2227896;-523;199;200;0;0;0;0;0;0;0
794;2230709;-540;202;197;0;0;0;0;0;0;0
795;2233522;-482;199;194;0;0;0;0;0;0;0
796;2236335;-371;202;194;0;0;0;0;0;0;0
797;2239148;-252;207;200;0;0;0;0;0;0;0
798;2241961;-316;199;200;0;0;0;0;0;0;0
799;2244774;-667;202;202;0;0;0;0;0;0;0
800;2247587;-911;202;200;0;0;0;0;0;0;0
801;2250400;-897;207;197;0;0;0;0;0;0;0
802;2253213;-670;202;192;0;0;0;0;0;0;0
803;2256026;-263;202;189;0;0;0;0;0;0;0
804;2258839;194;194;192;0;0;0;0;0;0;0
805;2261652;470;199;197;0;0;0;0;0;0;0
806;2264465;385;199;197;0;0;0;0;0;0;0
807;2267278;285;199;202;0;0;0;0;0;0;0
808;2270091;169;202;200;0;0;0;0;0;0;0
809;2272904;111;202;197;0;0;0;0;0;0;0
810;2275717;88;196;194;0;0;0;0;0;0;0
811;2278530;1685;202;194;0;0;0;0;0;0;0
812;2281343;2170;202;197;0;0;0;0;0;0;0
813;2284156;337;202;200;0;0;0;0;0;0;0
814;2286969;-526;199;200;0;0;0;0;0;0;0
815;2289782;-468;196;197;0;0;0;0;0;0;0
816;2292595;-518;199;200;0;0;0;0;0;0;0
817;2295408;-385;199;194;0;0;0;0;0;0;0
818;2298221;-277;202;197;0;0;0;0;0;0;0
819;2301034;-197;202;202;0;0;0;0;0;0;0
820;2303847;-520;204;200;0;0;0;0;0;0;0
821;2306660;-822;202;200;0;0;0;0;0;0;0
822;2309473;-894;199;197;0;0;0;0;0;0;0
823;2312286;-736;199;194;0;0;0;0;0;0;0
824;2315099;-379;199;197;0;0;0;0;0;0;0
825;2317912;58;202;194;0;0;0;0;0;0;0
826;2320725;462;199;197;0;0;0;0;0;0;0
827;2323538;429;199;197;0;0;0;0;0;0;0
828;2326351;324;202;197;0;0;0;0;0;0;0
829;2329164;205;202;197;0;0;0;0;0;0;0
830;2331977;122;202;197;0;0;0;0;0;0;0
831;2334790;75;199;197;0;0;0;0;0;0;0
832;2337603;1046;199;200;0;0;0;0;0;0;0
833;2340416;1970;199;197;0;0;0;0;0;0;0
834;2343229;1054;202;197;0;0;0;0;0;0;0
835;2346042;-460;202;200;0;0;0;0;0;0;0
836;2348855;-460;199;197;0;0;0;0;0;0;0
837;2351668;-543;202;192;0;0;0;0;0;0;0
838;2354481;-415;199;194;0;0;0;0;0;0;0
839;2357294;-321;199;197;0;0;0;0;0;0;0
840;2360107;-202;202;197;0;0;0;0;0;0;0
841;2362920;-393;199;200;0;0;0;0;0;0;0
842;2365733;-720;199;200;0;0;0;0;0;0;0
843;2368546;-880;199;197;0;0;0;0;0;0;0
844;2371359;-797;202;194;0;0;0;0;0;0;0
845;2374172;-504;199;197;0;0;0;0;0;0;0
846;2376985;-80;196;197;0;0;0;0;0;0;0
847;2379798;365;199;197;0;0;0;0;0;0;0
848;2382611;445;204;200;0;0;0;0;0;0;0
849;2385424;354;202;200;0;0;0;0;0;0;0
850;2388237;246;196;202;0;0;0;0;0;0;0
851;2391050;144;202;197;0;0;0;0;0;0;0
852;2393863;88;199;197;0;0;0;0;0;0;0
853;2396676;230;199;197;0;0;0;0;0;0;0
854;2399489;1652;199;200;0;0;0;0;0;0;0
855;2402302;1802;202;202;0;0;0;0;0;0;0
856;2405115;-208;202;202;0;0;0;0;0;0;0
857;2407928;-482;202;197;0;0;0;0;0;0;0
858;2410741;-501;202;194;0;0;0;0;0;0;0
859;2413554;-451;207;194;0;0;0;0;0;0;0
860;2416367;-343;202;197;0;0;0;0;0;0;0
861;2419180;-227;199;194;0;0;0;0;0;0;0
862;2421993;-241;199;202;0;0;0;0;0;0;0
863;2424806;-579;204;202;0;0;0;0;0;0;0
864;2427619;-828;202;202;0;0;0;0;0;0;0
865;2430432;-825;199;200;0;0;0;0;0;0;0
866;2433245;-598;199;197;0;0;0;0;0;0;0
867;2436058;-202;199;194;0;0;0;0;0;0;0
868;2438871;241;196;194;0;0;0;0;0;0;0
869;2441684;462;202;194;0;0;0;0;0;0;0
870;2444497;385;202;197;0;0;0;0;0;0;0
871;2447310;279;202;197;0;0;0;0;0;0;0
872;2450123;163;202;197;0;0;0;0;0;0;0
873;2452936;108;202;197;0;0;0;0;0;0;0
874;2455749;75;199;197;0;0;0;0;0;0;0
875;2458562;1494;204;197;0;0;0;0;0;0;0
876;2461375;1918;202;200;0;0;0;0;0;0;0
877;2464188;185;199;197;0;0;0;0;0;0;0
878;2467001;-501;202;200;0;0;0;0;0;0;0
879;2469814;-446;202;197;0;0;0;0;0;0;0
880;2472627;-487;199;192;0;0;0;0;0;0;0
881;2475440;-357;194;194;0;0;0;0;0;0;0
882;2478253;-260;196;197;0;0;0;0;0;0;0
883;2481066;-172;202;197;0;0;0;0;0;0;0
884;2483879;-446;204;202;0;0;0;0;0;0;0
885;2486692;-750;202;197;0;0;0;0;0;0;0
886;2489505;-819;202;200;0;0;0;0;0;0;0
887;2492318;-673;199;194;0;0;0;0;0;0;0
888;2495131;-321;199;194;0;0;0;0;0;0;0
889;2497944;108;202;197;0;0;0;0;0;0;0
890;2500757;468;202;194;0;0;0;0;0;0;0
891;2503570;432;202;200;0;0;0;0;0;0;0
892;2506383;315;204;197;0;0;0;0;0;0;0
893;2509196;202;202;202;0;0;0;0;0;0;0
894;2512009;113;196;194;0;0;0;0;0;0;0
895;2514822;69;199;197;0;0;0;0;0;0;0
896;2517635;736;202;197;0;0;0;0;0;0;0
897;2520448;1707;199;200;0;0;0;0;0;0;0
898;2523261;921;202;202;0;0;0;0;0;0;0
899;2526074;-424;202;205;0;0;0;0;0;0;0
900;2528887;-437;199;200;0;0;0;0;0;0;0
901;2531700;-507;202;197;0;0;0;0;0;0;0
902;2534513;-382;199;197;0;0;0;0;0;0;0
903;2537326;-288;199;197;0;0;0;0;0;0;0
904;2540139;-163;196;200;0;0;0;0;0;0;0
905;2542952;-307;204;200;0;0;0;0;0;0;0
906;2545765;-631;204;200;0;0;0;0;0;0;0
907;2548578;-794;202;202;0;0;0;0;0;0;0
908;2551391;-728;199;194;0;0;0;0;0;0;0
909;2554204;-429;199;194;0;0;0;0;0;0;0
910;2557017;-22;199;197;0;0;0;0;0;0;0
911;2559830;415;199;194;0;0;0;0;0;0;0
912;2562643;451;202;197;0;0;0;0;0;0;0
913;2565456;357;204;194;0;0;0;0;0;0;0
914;2568269;241;202;200;0;0;0;0;0;0;0
915;2571082;147;202;197;0;0;0;0;0;0;0
916;2573895;97;202;200;0;0;0;0;0;0;0
917;2576708;158;199;197;0;0;0;0;0;0;0
918;2579521;1497;202;194;0;0;0;0;0;0;0
919;2582334;1586;202;200;0;0;0;0;0;0;0
920;2585147;-244;204;200;0;0;0;0;0;0;0
921;2587960;-451;199;197;0;0;0;0;0;0;0
922;2590773;-473;199;197;0;0;0;0;0;0;0
923;2593586;-426;202;194;0;0;0;0;0;0;0
924;2596399;-324;196;192;0;0;0;0;0;0;0
925;2599212;-202;196;197;0;0;0;0;0;0;0
926;2602025;-183;202;200;0;0;0;0;0;0;0
927;2604838;-498;204;200;0;0;0;0;0;0;0
928;2607651;-747;199;200;0;0;0;0;0;0;0
929;2610464;-745;202;200;0;0;0;0;0;0;0
930;2613277;-529;199;197;0;0;0;0;0;0;0
931;2616090;-147;202;194;0;0;0;0;0;0;0
932;2618903;293;199;197;0;0;0;0;0;0;0
933;2621716;459;202;200;0;0;0;0;0;0;0
934;2624529;390;204;202;0;0;0;0;0;0;0
935;2627342;285;199;200;0;0;0;0;0;0;0
936;2630155;171;199;200;0;0;0;0;0;0;0
937;2632968;108;202;194;0;0;0;0;0;0;0
938;2635781;75;196;192;0;0;0;0;0;0;0
939;2638594;1323;196;200;0;0;0;0;0;0;0
940;2641407;1688;202;200;0;0;0;0;0;0;0
941;2644220;80;199;202;0;0;0;0;0;0;0
942;2647033;-496;202;197;0;0;0;0;0;0;0
943;2649846;-443;199;200;0;0;0;0;0;0;0
944;2652659;-471;199;194;0;0;0;0;0;0;0
945;2655472;-343;199;197;0;0;0;0;0;0;0
946;2658285;-241;199;197;0;0;0;0;0;0;0
947;2661098;-147;202;194;0;0;0;0;0;0;0
948;2663911;-379;202;202;0;0;0;0;0;0;0
949;2666724;-667;204;200;0;0;0;0;0;0;0
950;2669537;-747;199;197;0;0;0;0;0;0;0
951;2672350;-598;202;197;0;0;0;0;0;0;0
952;2675163;-246;202;197;0;0;0;0;0;0;0
953;2677976;166;202;197;0;0;0;0;0;0;0
954;2680789;476;202;200;0;0;0;0;0;0;0
955;2683602;429;199;197;0;0;0;0;0;0;0
956;2686415;321;204;205;0;0;0;0;0;0;0
957;2689228;202;196;194;0;0;0;0;0;0;0
958;2692041;116;202;194;0;0;0;0;0;0;0
959;2694854;69;202;197;0;0;0;0;0;0;0
960;2697667;559;196;194;0;1;0;0;0;0;0
961;2700480;1500;207;200;0;1;0;0;0;0;0
962;2703293;836;204;200;0;1;0;0;0;0;0
963;2706106;-399;204;202;0;1;0;0;0;0;0
964;2708919;-435;202;205;0;1;0;0;0;0;0
965;2711732;-498;199;197;0;1;0;0;0;0;0
966;2714545;-374;199;200;0;1;0;0;0;0;0
967;2717358;-280;199;194;0;1;0;0;0;0;0
968;2720171;-150;202;200;0;1;0;0;0;0;0
969;2722984;-230;194;197;0;1;0;0;0;0;0
970;2725797;-540;204;200;0;1;0;0;0;0;0
971;2728610;-706;202;202;0;1;0;0;0;0;0
972;2731423;-628;199;194;0;1;0;0;0;0;0
973;2734236;-338;199;194;0;1;0;0;0;0;0
974;2737049;69;199;197;0;1;0;0;0;0;0
975;2739862;97;202;194;0;1;0;0;0;0;0
976;2742675;91;199;197;0;1;0;0;0;0;0
977;2745488;86;202;200;0;1;0;0;0;0;0
978;2748301;88;202;197;0;1;0;0;0;0;0
979;2751114;80;199;200;0;1;0;0;0;0;0
980;2753927;77;199;192;0;1;0;0;0;0;0
981;2756740;75;196;194;0;1;0;0;0;0;0
982;2759553;72;202;194;0;1;0;0;0;0;0
983;2762366;66;204;200;0;1;0;0;0;0;0
984;2765179;66;199;200;0;1;0;0;0;0;0
985;2767992;63;199;200;0;1;0;0;0;0;0
986;2770805;58;196;200;0;1;0;0;0;0;0
987;2773618;52;196;197;0;1;0;0;0;0;0
988;2776431;52;199;194;0;1;0;0;0;0;0
989;2779244;50;199;197;0;1;0;0;0;0;0
990;2782057;47;199;200;0;1;0;0;0;0;0
991;2784870;47;204;200;0;1;0;0;0;0;0
992;2787683;41;202;202;0;1;0;0;0;0;0
993;2790496;47;204;197;0;1;0;0;0;0;0
994;2793309;39;207;194;0;1;0;0;0;0;0
995;2796122;39;199;194;0;1;0;0;0;0;0
996;2798935;36;204;200;0;1;0;0;0;0;0
997;2801748;36;204;202;0;1;0;0;0;0;0
998;2804561;33;204;200;0;1;0;0;0;0;0
999;2807374;36;202;200;0;1;0;0;0;0;0
1000;2810187;30;202;200;0;1;0;0;0;0;0
1001;2813000;33;204;197;0;1;0;0;0;0;0
1002;2815813;25;202;192;0;1;0;0;0;0;0
1003;2818626;27;199;200;0;1;0;0;0;0;0
1004;2821439;22;199;197;0;1;0;0;0;0;0
1005;2824252;25;199;197;0;1;0;0;0;0;0
1006;2827065;22;199;200;0;1;0;0;0;0;0
1007;2829878;19;199;200;0;1;0;0;0;0;0
1008;2832691;16;202;197;0;1;0;0;0;0;0
1009;2835504;19;199;194;0;1;0;0;0;0;0
1010;2838317;22;199;197;0;1;0;0;0;0;0
1011;2841130;19;199;194;0;1;0;0;0;0;0
1012;2843943;22;202;202;0;1;0;0;0;0;0
1013;2846756;16;202;200;0;1;0;0;0;0;0
1014;2849569;16;196;200;0;1;0;0;0;0;0
1015;2852382;14;196;200;0;1;0;0;0;0;0
1016;2855195;11;199;197;0;1;0;0;0;0;0
1017;2858008;19;199;197;0;1;0;0;0;0;0
1018;2860821;14;199;197;0;1;0;0;0;0;0
1019;2863634;14;202;202;0;1;0;0;0;0;0
1020;2866447;11;199;202;0;1;0;0;0;0;0
1021;2869260;14;202;197;0;1;0;0;0;0;0
1022;2872073;14;199;197;0;1;0;0;0;0;0
1023;2874886;11;202;197;0;1;0;0;0;0;0
1024;2877699;5;196;197;0;1;0;0;0;0;0
1025;2880512;11;196;200;0;1;0;0;0;0;0
1026;2883325;11;202;200;0;1;0;0;0;0;0
1027;2886138;11;199;200;0;1;0;0;0;0;0
1028;2888951;8;202;197;0;1;0;0;0;0;0
1029;2891764;5;202;200;0;1;0;0;0;0;0
1030;2894577;11;199;194;0;1;0;0;0;0;0
1031;2897390;8;196;197;0;1;0;0;0;0;0
1032;2900203;8;204;200;0;1;0;0;0;0;0
1033;2903016;5;202;200;0;1;0;0;0;0;0
1034;2905829;11;204;202;0;1;0;0;0;0;0
1035;2908642;5;202;197;0;1;0;0;0;0;0
1036;2911455;5;202;194;0;1;0;0;0;0;0
1037;2914268;8;202;202;0;1;0;0;0;0;0
1038;2917081;5;199;197;0;1;0;0;0;0;0
1039;2919894;3;196;194;0;1;0;0;0;0;0
1040;2922707;3;204;202;0;1;0;0;0;0;0
1041;2925520;8;199;197;0;1;0;0;0;0;0
1042;2928333;5;199;202;0;1;0;0;0;0;0
1043;2931146;8;202;194;0;1;0;0;0;0;0
1044;2933959;5;199;197;0;1;0;0;0;0;0
1045;2936772;8;199;194;0;1;0;0;0;0;0
1046;2939585;0;199;197;0;1;0;0;0;0;0
1047;2942398;5;202;200;0;1;0;0;0;0;0
1048;2945211;3;199;202;0;1;0;0;0;0;0
1049;2948024;0;202;200;0;1;0;0;0;0;0
1050;2950837;0;202;197;0;1;0;0;0;0;0
1051;2953650;3;202;194;0;1;0;0;0;0;0
1052;2956463;8;199;194;0;1;0;0;0;0;0
1053;2959276;3;202;197;0;1;0;0;0;0;0
1054;2962089;0;202;202;0;1;0;0;0;0;0
1055;2964902;0;202;200;0;1;0;0;0;0;0
1056;2967715;5;204;200;0;1;0;0;0;0;0
1057;2970528;5;199;197;0;1;0;0;0;0;0
1058;2973341;-3;202;197;0;1;0;0;0;0;0
1059;2976154;3;199;197;0;1;0;0;0;0;0
1060;2978967;3;202;200;0;1;0;0;0;0;0
1061;2981780;0;199;197;0;1;0;0;0;0;0
1062;2984593;5;199;197;0;1;0;0;0;0;0
1063;2987406;3;199;205;0;1;0;0;0;0;0
1064;2990219;0;199;197;0;1;0;0;0;0;0
1065;2993032;0;194;197;0;1;0;0;0;0;0
1066;2995845;3;199;197;0;1;0;0;0;0;0
1067;2998658;3;202;194;0;1;0;0;0;0;0
1068;3001471;0;199;197;0;1;0;0;0;0;0
1069;3004284;3;199;202;0;1;0;0;0;0;0
1070;3007097;3;202;200;0;1;0;0;0;0;0
1071;3009910;5;199;197;0;1;0;0;0;0;0
1072;3012723;3;202;197;0;1;0;0;0;0;0
1073;3015536;0;199;194;0;1;0;0;0;0;0
1074;3018349;0;196;197;0;1;0;0;0;0;0
1075;3021162;0;199;197;0;1;0;0;0;0;0
1076;3023975;0;199;200;0;1;0;0;0;0;0
1077;3026788;0;204;197;0;1;0;0;0;0;0
1078;3029601;3;202;200;0;1;0;0;0;0;0
1079;3032414;3;196;200;0;1;0;0;0;0;0
1080;3035227;0;202;194;0;1;0;0;0;0;0
1081;3038040;3;199;194;0;1;0;0;0;0;0
1082;3040853;0;199;197;0;1;0;0;0;0;0
1083;3043666;3;202;200;0;1;0;0;0;0;0
1084;3046479;3;202;197;0;1;0;0;0;0;0
1085;3049292;0;202;197;0;1;0;0;0;0;0
1086;3052105;3;199;197;0;1;0;0;0;0;0
1087;3054918;3;199;189;0;1;0;0;0;0;0
1088;3057731;3;202;197;0;1;0;0;0;0;0
1089;3060544;0;199;194;0;1;0;0;0;0;0
1090;3063357;0;199;197;0;1;0;0;0;0;0
1091;3066170;0;202;200;0;1;0;0;0;0;0
1092;3068983;0;202;200;0;1;0;0;0;0;0
1093;3071796;3;202;197;0;1;0;0;0;0;0
1094;3074609;-3;196;200;0;1;0;0;0;0;0
1095;3077422;3;196;194;0;1;0;0;0;0;0
1096;3080235;5;199;197;0;1;0;0;0;0;0
1097;3083048;0;202;200;0;1;0;0;0;0;0
1098;3085861;3;202;200;0;1;0;0;0;0;0
1099;3088674;5;202;202;0;1;0;0;0;0;0
1100;3091487;0;199;197;0;1;0;0;0;0;0
1101;3094300;0;202;194;0;1;0;0;0;0;0
1102;3097113;-3;199;194;0;1;0;0;0;0;0
1103;3099926;0;199;200;0;1;0;0;0;0;0
1104;3102739;0;199;197;0;1;0;0;0;0;0
1105;3105552;0;204;200;0;1;0;0;0;0;0
1106;3108365;0;202;202;0;1;0;0;0;0;0
1107;3111178;3;196;200;0;1;0;0;0;0;0
1108;3113991;0;202;200;0;1;0;0;0;0;0
1109;3116804;0;202;192;0;1;0;0;0;0;0
1110;3119617;0;202;200;0;1;0;0;0;0;0
1111;3122430;3;204;200;0;1;0;0;0;0;0
1112;3125243;3;199;200;0;1;0;0;0;0;0
1113;3128056;0;199;200;0;1;0;0;0;0;0
1114;3130869;-3;199;200;0;1;0;0;0;0;0
1115;3133682;0;196;202;0;1;0;0;0;0;0
1116;3136495;0;196;197;0;1;0;0;0;0;0
1117;3139308;-3;199;194;0;1;0;0;0;0;0
1118;3142121;3;199;197;0;1;0;0;0;0;0
1119;3144934;0;199;200;0;1;0;0;0;0;0
1120;3147747;-3;202;202;0;1;0;0;0;0;0
1121;3150560;0;199;197;0;1;0;0;0;0;0
1122;3153373;0;202;194;0;1;0;0;0;0;0
1123;3156186;5;202;194;0;1;0;0;0;0;0
1124;3158999;3;196;197;0;1;0;0;0;0;0
1125;3161812;-3;199;200;0;1;0;0;0;0;0
1126;3164625;0;204;200;0;1;0;0;0;0;0
1127;3167438;3;204;202;0;1;0;0;0;0;0
1128;3170251;5;202;194;0;1;0;0;0;0;0
1129;3173064;0;196;197;0;1;0;0;0;0;0
1130;3175877;3;196;194;0;1;0;0;0;0;0
1131;3178690;3;199;197;0;1;0;0;0;0;0
1132;3181503;3;199;200;0;1;0;0;0;0;0
1133;3184316;3;202;200;0;1;0;0;0;0;0
1134;3187129;0;199;200;0;1;0;0;0;0;0
1135;3189942;0;199;197;0;1;0;0;0;0;0
1136;3192755;-3;199;197;0;1;0;0;0;0;0
1137;3195568;0;199;194;0;1;0;0;0;0;0
1138;3198381;5;202;194;0;1;0;0;0;0;0
1139;3201194;3;199;200;0;1;0;0;0;0;0
1140;3204007;-3;204;200;0;1;0;0;0;0;0
1141;3206820;0;199;197;0;1;0;0;0;0;0
1142;3209633;0;199;197;0;1;0;0;0;0;0
1143;3212446;5;202;194;0;1;0;0;0;0;0
1144;3215259;3;196;197;0;1;0;0;0;0;0
1145;3218072;-3;196;194;0;1;0;0;0;0;0
1146;3220885;3;202;197;0;1;0;0;0;0;0
1147;3223698;3;202;202;0;1;0;0;0;0;0
1148;3226511;-3;202;205;0;1;0;0;0;0;0
1149;3229324;0;199;200;0;1;0;0;0;0;0
1150;3232137;0;202;194;0;1;0;0;0;0;0
1151;3234950;0;196;197;0;1;0;0;0;0;0
1152;3237763;0;199;194;0;1;0;0;0;0;0
1153;3240576;0;202;200;0;1;0;0;0;0;0
1154;3243389;-3;196;202;0;1;0;0;0;0;0
1155;3246202;3;199;200;0;1;0;0;0;0;0
1156;3249015;0;202;200;0;1;0;0;0;0;0
1157;3251828;-3;196;194;0;1;0;0;0;0;0
1158;3254641;0;199;194;0;1;0;0;0;0;0
1159;3257454;3;199;194;0;1;0;0;0;0;0
1160;3260267;3;199;197;0;1;0;0;0;0;0
1161;3263080;3;202;200;0;1;0;0;0;0;0
1162;3265893;-3;204;202;0;1;0;0;0;0;0
1163;3268706;0;204;202;0;1;0;0;0;0;0
1164;3271519;3;202;194;0;1;0;0;0;0;0
1165;3274332;5;199;194;0;1;0;0;0;0;0
1166;3277145;3;199;194;0;1;0;0;0;0;0
1167;3279958;3;202;194;0;1;0;0;0;0;0
1168;3282771;3;202;200;0;1;0;0;0;0;0
1169;3285584;3;202;200;0;1;0;0;0;0;0
1170;3288397;3;202;197;0;1;0;0;0;0;0
1171;3291210;-3;202;197;0;1;0;0;0;0;0
1172;3294023;-3;202;197;0;1;0;0;0;0;0
1173;3296836;0;199;194;0;1;0;0;0;0;0
1174;3299649;3;202;197;0;1;0;0;0;0;0
1175;3302462;3;199;194;0;1;0;0;0;0;0
1176;3305275;0;204;197;0;1;0;0;0;0;0
1177;3308088;3;202;205;0;1;0;0;0;0;0
1178;3310901;3;202;197;0;1;0;0;0;0;0
1179;3313714;3;194;200;0;1;0;0;0;0;0
1180;3316527;5;196;197;0;1;0;0;0;0;0
1181;3319340;0;202;200;0;1;0;0;0;0;0
1182;3322153;3;204;194;0;1;0;0;0;0;0
1183;3324966;3;199;200;0;1;0;0;0;0;0
1184;3327779;0;202;200;0;1;0;0;0;0;0
1185;3330592;0;199;197;0;1;0;0;0;0;0
1186;3333405;3;199;200;0;1;0;0;0;0;0
1187;3336218;3;199;194;0;1;0;0;0;0;0
1188;3339031;0;199;197;0;1;0;0;0;0;0
1189;3341844;0;202;197;0;1;0;0;0;0;0
1190;3344657;0;199;197;0;1;0;0;0;0;0
1191;3347470;0;202;197;0;1;0;0;0;0;0
1192;3350283;5;202;197;0;1;0;0;0;0;0
1193;3353096;3;204;197;0;1;0;0;0;0;0
1194;3355909;3;202;192;0;1;0;0;0;0;0
1195;3358722;0;196;197;0;1;0;0;0;0;0
1196;3361535;0;204;202;0;1;0;0;0;0;0
1197;3364348;3;199;200;0;1;0;0;0;0;0
1198;3367161;0;202;202;0;1;0;0;0;0;0
1199;3369974;0;202;197;0;1;0;0;0;0;0
1200;3372787;-3;196;200;0;1;0;0;0;0;0
1201;3375600;0;196;192;0;1;0;0;0;0;0
1202;3378413;0;202;194;0;1;0;0;0;0;0
1203;3381226;3;202;200;0;1;0;0;0;0;0
1204;3384039;0;202;200;0;1;0;0;0;0;0
1205;3386852;5;202;200;0;1;0;0;0;0;0
1206;3389665;3;199;200;0;1;0;0;0;0;0
1207;3392478;5;199;197;0;1;0;0;0;0;0
1208;3395291;0;199;194;0;1;0;0;0;0;0
1209;3398104;3;196;197;0;1;0;0;0;0;0
1210;3400917;5;196;197;0;1;0;0;0;0;0
1211;3403730;-6;199;197;0;1;0;0;0;0;0
1212;3406543;0;199;200;0;1;0;0;0;0;0
1213;3409356;0;196;197;0;1;0;0;0;0;0
1214;3412169;3;202;194;0;1;0;0;0;0;0
1215;3414982;5;199;200;0;1;0;0;0;0;0
1216;3417795;-6;199;197;0;1;0;0;0;0;0
1217;3420608;3;199;202;0;1;0;0;0;0;0
1218;3423421;0;204;197;0;1;0;0;0;0;0
1219;3426234;0;202;202;0;1;0;0;0;0;0
1220;3429047;3;202;200;0;1;0;0;0;0;0
1221;3431860;3;199;194;0;1;0;0;0;0;0
1222;3434673;-3;202;197;0;1;0;0;0;0;0
1223;3437486;-3;202;192;0;1;0;0;0;0;0
1224;3440299;3;204;197;0;1;0;0;0;0;0
1225;3443112;5;204;200;0;1;0;0;0;0;0
1226;3445925;-3;202;202;0;1;0;0;0;0;0
1227;3448738;0;204;197;0;1;0;0;0;0;0
1228;3451551;0;199;197;0;1;0;0;0;0;0
1229;3454364;3;199;194;0;1;0;0;0;0;0
1230;3457177;3;199;194;0;1;0;0;0;0;0
1231;3459990;3;202;197;0;1;0;0;0;0;0
1232;3462803;3;204;197;0;1;0;0;0;0;0
1233;3465616;3;202;202;0;1;0;0;0;0;0
1234;3468429;0;199;197;0;1;0;0;0;0;0
1235;3471242;-3;199;194;0;1;0;0;0;0;0
1236;3474055;0;202;197;0;1;0;0;0;0;0
1237;3476868;3;199;194;0;1;0;0;0;0;0
1238;3479681;-3;199;197;0;1;0;0;0;0;0
1239;3482494;5;199;200;0;1;0;0;0;0;0
1240;3485307;0;202;197;0;1;0;0;0;0;0
1241;3488120;-3;204;200;0;1;0;0;0;0;0
1242;3490933;-3;202;200;0;1;0;0;0;0;0
1243;3493746;0;199;197;0;1;0;0;0;0;0
1244;3496559;-3;202;192;0;1;0;0;0;0;0
1245;3499372;0;199;194;0;1;0;0;0;0;0
1246;3502185;-3;202;197;0;1;0;0;0;0;0
1247;3504998;-3;199;200;0;1;0;0;0;0;0
1248;3507811;3;202;194;0;1;0;0;0;0;0
1249;3510624;0;199;197;0;1;0;0;0;0;0
1250;3513437;-3;199;197;0;1;0;0;0;0;0
1251;3516250;0;202;194;0;1;0;0;0;0;0
1252;3519063;0;204;200;0;1;0;0;0;0;0
1253;3521876;3;207;200;0;1;0;0;0;0;0
1254;3524689;-3;202;202;0;1;0;0;0;0;0
1255;3527502;3;199;197;0;1;0;0;0;0;0
1256;3530315;-3;202;197;0;1;0;0;0;0;0
1257;3533128;3;199;197;0;1;0;0;0;0;0
1258;3535941;0;194;197;0;1;0;0;0;0;0
1259;3538754;0;204;202;0;1;0;0;0;0;0
1260;3541567;3;196;197;0;1;0;0;0;0;0
1261;3544380;5;202;200;0;1;0;0;0;0;0
1262;3547193;5;202;202;0;1;0;0;0;0;0
1263;3550006;3;202;200;0;1;0;0;0;0;0
1264;3552819;3;202;197;0;1;0;0;0;0;0
1265;3555632;0;194;192;0;1;0;0;0;0;0
1266;3558445;3;196;194;0;1;0;0;0;0;0
1267;3561258;5;202;202;0;1;0;0;0;0;0
1268;3564071;-3;204;200;0;1;0;0;0;0;0
1269;3566884;5;204;200;0;1;0;0;0;0;0
1270;3569697;0;199;202;0;1;0;0;0;0;0
1271;3572510;3;196;197;0;1;0;0;0;0;0
1272;3575323;3;199;194;0;1;0;0;0;0;0
1273;3578136;3;199;194;0;1;0;0;0;0;0
1274;3580949;0;204;197;0;1;0;0;0;0;0
1275;3583762;0;204;197;0;1;0;0;0;0;0
1276;3586575;0;199;208;0;1;0;0;0;0;0
1277;3589388;5;199;197;0;1;0;0;0;0;0
1278;3592201;0;202;197;0;1;0;0;0;0;0
1279;3595014;3;199;194;0;1;0;0;0;0;0
1280;3597827;-6;199;197;0;1;0;0;0;0;0
1281;3600640;3;202;197;0;1;0;0;0;0;0
1282;3603453;-6;207;194;0;1;0;0;0;0;0
1283;3606266;0;202;200;0;1;0;0;0;0;0
1284;3609079;3;202;200;0;1;0;0;0;0;0
1285;3611892;-3;199;200;0;1;0;0;0;0;0
1286;3614705;3;199;194;0;1;0;0;0;0;0
1287;3617518;-3;199;197;0;1;0;0;0;0;0
1288;3620331;0;199;194;0;1;0;0;0;0;0
1289;3623144;-6;196;197;0;1;0;0;0;0;0
1290;3625957;0;207;202;0;1;0;0;0;0;0
1291;3628770;3;199;197;0;1;0;0;0;0;0
1292;3631583;0;202;197;0;1;0;0;0;0;0
1293;3634396;0;199;197;0;1;0;0;0;0;0
1294;3637209;0;196;194;0;1;0;0;0;0;0
1295;3640022;0;202;200;0;1;0;0;0;0;0
1296;3642835;3;199;197;0;1;0;0;0;0;0
1297;3645648;0;204;200;0;1;0;0;0;0;0
1298;3648461;3;202;200;0;1;0;0;0;0;0
1299;3651274;0;199;197;0;1;0;0;0;0;0
1300;3654087;-3;199;194;0;1;0;0;0;0;0
1301;3656900;0;196;197;0;1;0;0;0;0;0
1302;3659713;3;199;197;0;1;0;0;0;0;0
1303;3662526;3;196;194;0;1;0;0;0;0;0
1304;3665339;-3;199;200;0;1;0;0;0;0;0
1305;3668152;3;199;200;0;1;0;0;0;0;0
1306;3670965;3;196;194;0;1;0;0;0;0;0
1307;3673778;3;202;194;0;1;0;0;0;0;0
1308;3676591;-3;199;194;0;1;0;0;0;0;0
1309;3679404;0;202;197;0;1;0;0;0;0;0
1310;3682217;-6;199;205;0;1;0;0;0;0;0
1311;3685030;0;204;200;0;1;0;0;0;0;0
1312;3687843;0;204;197;0;1;0;0;0;0;0
1313;3690656;0;199;200;0;1;0;0;0;0;0
1314;3693469;3;204;194;0;1;0;0;0;0;0
1315;3696282;0;199;192;0;1;0;0;0;0;0
1316;3699095;-3;199;200;0;1;0;0;0;0;0
1317;3701908;0;199;200;0;1;0;0;0;0;0
1318;3704721;0;202;200;0;1;0;0;0;0;0
1319;3707534;3;202;197;0;1;0;0;0;0;0
1320;3710347;0;199;197;0;1;0;0;0;0;0
1321;3713160;-3;199;197;0;1;0;0;0;0;0
1322;3715973;0;196;194;0;1;0;0;0;0;0
1323;3718786;3;202;197;0;1;0;0;0;0;0
1324;3721599;0;202;200;0;1;0;0;0;0;0
1325;3724412;3;199;197;0;1;0;0;0;0;0
1326;3727225;0;202;200;0;1;0;0;0;0;0
1327;3730038;3;202;200;0;1;0;0;0;0;0
1328;3732851;5;199;194;0;1;0;0;0;0;0
1329;3735664;0;202;194;0;1;0;0;0;0;0
1330;3738477;3;199;194;0;1;0;0;0;0;0
1331;3741290;-3;199;197;0;1;0;0;0;0;0
1332;3744103;5;204;197;0;1;0;0;0;0;0
1333;3746916;-3;202;202;0;1;0;0;0;0;0
1334;3749729;3;196;200;0;1;0;0;0;0;0
1335;3752542;3;202;197;0;1;0;0;0;0;0
1336;3755355;-3;199;197;0;1;0;0;0;0;0
1337;3758168;0;199;194;0;1;0;0;0;0;0
1338;3760981;0;202;197;0;1;0;0;0;0;0
1339;3763794;3;202;200;0;1;0;0;0;0;0
1340;3766607;5;202;197;0;1;0;0;0;0;0
1341;3769420;3;202;200;0;1;0;0;0;0;0
1342;3772233;5;199;197;0;1;0;0;0;0;0
1343;3775046;-3;199;194;0;1;0;0;0;0;0
1344;3777859;5;199;194;0;1;0;0;0;0;0
1345;3780672;-3;199;200;0;1;0;0;0;0;0
1346;3783485;0;202;200;0;1;0;0;0;0;0
1347;3786298;0;199;202;0;1;0;0;0;0;0
1348;3789111;3;202;197;0;1;0;0;0;0;0
1349;3791924;0;202;197;0;1;0;0;0;0;0
1350;3794737;5;202;194;0;1;0;0;0;0;0
1351;3797550;0;199;197;0;1;0;0;0;0;0
1352;3800363;-3;199;197;0;1;0;0;0;0;0
1353;3803176;3;199;197;0;1;0;0;0;0;0
1354;3805989;3;202;202;0;1;0;0;0;0;0
1355;3808802;0;204;200;0;1;0;0;0;0;0
1356;3811615;0;199;200;0;1;0;0;0;0;0
1357;3814428;3;199;194;0;1;0;0;0;0;0
1358;3817241;0;196;194;0;1;0;0;0;0;0
1359;3820054;3;202;200;0;1;0;0;0;0;0
1360;3822867;-3;202;200;0;1;0;0;0;0;0
1361;3825680;-6;202;202;0;1;0;0;0;0;0
1362;3828493;0;199;197;0;1;0;0;0;0;0
1363;3831306;0;202;202;0;1;0;0;0;0;0
1364;3834119;0;196;192;0;1;0;0;0;0;0
1365;3836932;0;199;197;0;1;0;0;0;0;0
1366;3839745;3;199;197;0;1;0;0;0;0;0
1367;3842558;0;199;205;0;1;0;0;0;0;0
1368;3845371;0;202;202;0;1;0;0;0;0;0
1369;3848184;-3;199;200;0;1;0;0;0;0;0
1370;3850997;-3;196;200;0;1;0;0;0;0;0
1371;3853810;0;196;197;0;1;0;0;0;0;0
1372;3856623;0;196;194;0;1;0;0;0;0;0
1373;3859436;0;199;200;0;1;0;0;0;0;0
1374;3862249;0;204;197;0;1;0;0;0;0;0
1375;3865062;3;202;200;0;1;0;0;0;0;0
1376;3867875;0;204;202;0;1;0;0;0;0;0
1377;3870688;0;202;200;0;1;0;0;0;0;0
1378;3873501;0;202;197;0;1;0;0;0;0;0
1379;3876314;3;199;192;0;1;0;0;0;0;0
1380;3879127;3;196;197;0;1;0;0;0;0;0
1381;3881940;0;199;200;0;1;0;0;0;0;0
1382;3884753;0;202;202;0;1;0;0;0;0;0
1383;3887566;3;204;200;0;1;0;0;0;0;0
1384;3890379;0;204;197;0;1;0;0;0;0;0
1385;3893192;5;196;197;0;1;0;0;0;0;0
1386;3896005;3;196;194;0;1;0;0;0;0;0
1387;3898818;0;202;197;0;1;0;0;0;0;0
1388;3901631;-3;199;197;0;1;0;0;0;0;0
1389;3904444;3;204;200;0;1;0;0;0;0;0
1390;3907257;0;204;200;0;1;0;0;0;0;0
1391;3910070;0;199;200;0;1;0;0;0;0;0
1392;3912883;0;202;194;0;1;0;0;0;0;0
1393;3915696;5;196;197;0;1;0;0;0;0;0
1394;3918509;-3;196;200;0;1;0;0;0;0;0
1395;3921322;3;199;200;0;1;0;0;0;0;0
1396;3924135;3;202;202;0;1;0;0;0;0;0
1397;3926948;0;202;197;0;1;0;0;0;0;0
1398;3929761;-3;204;197;0;1;0;0;0;0;0
1399;3932574;5;199;200;0;1;0;0;0;0;0
1400;3935387;0;196;192;0;1;0;0;0;0;0
1401;3938200;-3;196;200;0;1;0;0;0;0;0
1402;3941013;-3;204;202;0;1;0;0;0;0;0
1403;3943826;-3;199;200;0;1;0;0;0;0;0
1404;3946639;5;199;202;0;1;0;0;0;0;0
1405;3949452;3;202;200;0;1;0;0;0;0;0
1406;3952265;0;196;197;0;1;0;0;0;0;0
1407;3955078;0;199;197;0;1;0;0;0;0;0
1408;3957891;5;199;197;0;1;0;0;0;0;0
1409;3960704;3;202;197;0;1;0;0;0;0;0
1410;3963517;0;204;197;0;1;0;0;0;0;0
1411;3966330;5;204;202;0;1;0;0;0;0;0
1412;3969143;0;196;200;0;1;0;0;0;0;0
1413;3971956;-3;199;197;0;1;0;0;0;0;0
1414;3974769;0;194;197;0;1;0;0;0;0;0
1415;3977582;3;202;194;0;1;0;0;0;0;0
1416;3980395;5;202;200;0;1;0;0;0;0;0
1417;3983208;0;199;200;0;1;0;0;0;0;0
1418;3986021;5;202;197;0;1;0;0;0;0;0
1419;3988834;3;202;197;0;1;0;0;0;0;0
1420;3991647;0;199;194;0;1;0;0;0;0;0
1421;3994460;3;196;197;0;1;0;0;0;0;0
1422;3997273;0;199;194;0;1;0;0;0;0;0
1423;4000086;3;202;197;0;1;0;0;0;0;0
1424;4002899;-3;202;200;0;1;0;0;0;0;0
1425;4005712;0;202;202;0;1;0;0;0;0;0
1426;4008525;5;202;197;0;1;0;0;0;0;0
1427;4011338;0;199;197;0;1;0;0;0;0;0
1428;4014151;3;202;194;0;1;0;0;0;0;0
1429;4016964;0;199;194;0;1;0;0;0;0;0
1430;4019777;3;204;197;0;1;0;0;0;0;0
1431;4022590;0;199;200;0;1;0;0;0;0;0
1432;4025403;0;199;205;0;1;0;0;0;0;0
1433;4028216;0;199;202;0;1;0;0;0;0;0
1434;4031029;3;199;197;0;1;0;0;0;0;0
1435;4033842;0;199;200;0;1;0;0;0;0;0
1436;4036655;-3;199;194;0;1;0;0;0;0;0
1437;4039468;0;196;197;0;1;0;0;0;0;0
1438;4042281;0;196;197;0;1;0;0;0;0;0
1439;4045094;3;202;200;0;1;0;0;0;0;0
1440;4047907;0;199;197;0;1;0;0;0;0;0
